"0","summary(decathlon_data)
"
"1",""
"1","   Course100m   "
"1"," SautEnLongueur"
"1"," LancerDePoids  "
"1"," SautEnHauteur  "
"1","   Course400m   "
"1"," Course110mHaies"
"1","
"
"1"," Min.   :10.44  "
"1"," Min.   :6.61  "
"1"," Min.   :12.68  "
"1"," Min.   :1.850  "
"1"," Min.   :46.81  "
"1"," Min.   :13.97  "
"1","
"
"1"," 1st Qu.:10.85  "
"1"," 1st Qu.:7.03  "
"1"," 1st Qu.:13.88  "
"1"," 1st Qu.:1.920  "
"1"," 1st Qu.:48.93  "
"1"," 1st Qu.:14.21  "
"1","
"
"1"," Median :10.98  "
"1"," Median :7.30  "
"1"," Median :14.57  "
"1"," Median :1.950  "
"1"," Median :49.40  "
"1"," Median :14.48  "
"1","
"
"1"," Mean   :11.00  "
"1"," Mean   :7.26  "
"1"," Mean   :14.48  "
"1"," Mean   :1.977  "
"1"," Mean   :49.62  "
"1"," Mean   :14.61  "
"1","
"
"1"," 3rd Qu.:11.14  "
"1"," 3rd Qu.:7.48  "
"1"," 3rd Qu.:14.97  "
"1"," 3rd Qu.:2.040  "
"1"," 3rd Qu.:50.30  "
"1"," 3rd Qu.:14.98  "
"1","
"
"1"," Max.   :11.64  "
"1"," Max.   :7.96  "
"1"," Max.   :16.36  "
"1"," Max.   :2.150  "
"1"," Max.   :53.20  "
"1"," Max.   :15.67  "
"1","
"
"1",""
"1"," LancerDeDisque "
"1"," SautALaPerche  "
"1"," LancerDeJavelot"
"1","  Course1500m   "
"1","   Classement   "
"1","     Points    "
"1","
"
"1"," Min.   :37.92  "
"1"," Min.   :4.200  "
"1"," Min.   :50.31  "
"1"," Min.   :262.1  "
"1"," Min.   : 1.00  "
"1"," Min.   :7313  "
"1","
"
"1"," 1st Qu.:41.90  "
"1"," 1st Qu.:4.500  "
"1"," 1st Qu.:55.27  "
"1"," 1st Qu.:271.0  "
"1"," 1st Qu.: 6.00  "
"1"," 1st Qu.:7802  "
"1","
"
"1"," Median :44.41  "
"1"," Median :4.800  "
"1"," Median :58.36  "
"1"," Median :278.1  "
"1"," Median :11.00  "
"1"," Median :8021  "
"1","
"
"1"," Mean   :44.33  "
"1"," Mean   :4.762  "
"1"," Mean   :58.32  "
"1"," Mean   :279.0  "
"1"," Mean   :12.12  "
"1"," Mean   :8005  "
"1","
"
"1"," 3rd Qu.:46.07  "
"1"," 3rd Qu.:4.920  "
"1"," 3rd Qu.:60.89  "
"1"," 3rd Qu.:285.1  "
"1"," 3rd Qu.:18.00  "
"1"," 3rd Qu.:8122  "
"1","
"
"1"," Max.   :51.65  "
"1"," Max.   :5.400  "
"1"," Max.   :70.52  "
"1"," Max.   :317.0  "
"1"," Max.   :28.00  "
"1"," Max.   :8893  "
"1","
"
"1",""
"1"," Comp√©tition       "
"1","
"
"1"," Length:41         "
"1","
"
"1"," Class :character  "
"1","
"
"1"," Mode  :character  "
"1","
"
"1","                   "
"1","
"
"1","                   "
"1","
"
"1","                   "
"1","
"
